ts_utc,sample,elapsed_s,host_avail_mb,disk_use_pct,emqx_mem_used,emqx_mem_limit,emqx_mem_pct,oomkilled,restartcount,health,bench_pub_mem,pub_received,dropped_queue_full,dropped_expired,messages_dropped,no_subscribers,client_connected_total
2026-09-27T06:07:05Z,1,0,13727,70,239.2MiB,2GiB,11.68%,false,0,healthy,585MiB,463057,0,0,6342,6342,1884
2026-09-27T06:07:18Z,2,13,13176,70,250MiB,2GiB,12.21%,false,0,healthy,608.3MiB,469709,0,0,6342,6342,2184
2026-09-27T06:07:31Z,3,26,13171,70,249.6MiB,2GiB,12.19%,false,0,healthy,620MiB,476361,0,0,6342,6342,2184
2026-09-27T06:07:45Z,4,40,13162,70,249.9MiB,2GiB,12.20%,false,0,healthy,623.3MiB,483009,0,0,6342,6342,2184
2026-09-27T06:07:58Z,5,53,13165,70,250.9MiB,2GiB,12.25%,false,0,healthy,626MiB,489637,0,0,6342,6342,2184
2026-09-27T06:08:11Z,6,66,13129,70,285.9MiB,2GiB,13.96%,false,0,healthy,626.1MiB,496273,0,0,6342,6342,2184
2026-09-27T06:08:25Z,7,79,13125,70,249.9MiB,2GiB,12.20%,false,0,healthy,631.1MiB,502937,0,0,6342,6342,2184
2026-09-27T06:08:38Z,8,93,13159,70,250MiB,2GiB,12.21%,false,0,healthy,631.3MiB,509573,0,0,6342,6342,2184
2026-09-27T06:08:51Z,9,106,13165,70,251.3MiB,2GiB,12.27%,false,0,healthy,632.6MiB,516209,0,0,6342,6342,2184
2026-09-27T06:09:05Z,10,119,13153,70,252.4MiB,2GiB,12.32%,false,0,healthy,633.3MiB,522894,0,0,6342,6342,2184
2026-09-27T06:09:18Z,11,133,13167,70,252.9MiB,2GiB,12.35%,false,0,healthy,631.3MiB,529517,0,0,6342,6342,2184
2026-09-27T06:09:31Z,12,146,13173,70,253.2MiB,2GiB,12.36%,false,0,healthy,631.4MiB,536145,0,0,6342,6342,2184
2026-09-27T06:09:44Z,13,159,13182,70,253.3MiB,2GiB,12.37%,false,0,healthy,631.1MiB,542781,0,0,6342,6342,2184
2026-09-27T06:09:58Z,14,172,13166,70,253.2MiB,2GiB,12.36%,false,0,healthy,636.2MiB,549437,0,0,6342,6342,2184
2026-09-27T06:10:11Z,15,186,13148,70,255.8MiB,2GiB,12.49%,false,0,healthy,637.9MiB,556081,0,0,6342,6342,2184
2026-09-27T06:10:24Z,16,199,13157,70,253.9MiB,2GiB,12.40%,false,0,healthy,638.1MiB,562725,0,0,6342,6342,2184
2026-09-27T06:10:38Z,17,212,13166,70,254.4MiB,2GiB,12.42%,false,0,healthy,643.6MiB,569386,0,0,6342,6342,2184
2026-09-27T06:10:51Z,18,226,13156,70,254.4MiB,2GiB,12.42%,false,0,healthy,645.7MiB,576025,0,0,6342,6342,2184
2026-09-27T06:11:04Z,19,239,13136,70,254.4MiB,2GiB,12.42%,false,0,healthy,646.1MiB,582666,0,0,6342,6342,2184
2026-09-27T06:11:17Z,20,252,13161,70,254.4MiB,2GiB,12.42%,false,0,healthy,646.1MiB,589313,0,0,6342,6342,2184
2026-09-27T06:11:31Z,21,265,13159,70,255.1MiB,2GiB,12.46%,false,0,healthy,644.1MiB,595993,0,0,6342,6342,2184
2026-09-27T06:11:44Z,22,279,13166,70,254.6MiB,2GiB,12.43%,false,0,healthy,644.1MiB,602621,0,0,6342,6342,2184
2026-09-27T06:11:57Z,23,292,13162,70,254.6MiB,2GiB,12.43%,false,0,healthy,644.1MiB,609241,0,0,6342,6342,2184
2026-09-27T06:12:11Z,24,305,13155,70,289.6MiB,2GiB,14.14%,false,0,healthy,636.7MiB,615895,0,0,6342,6342,2184
2026-09-27T06:12:24Z,25,319,13146,70,256.1MiB,2GiB,12.51%,false,0,healthy,635.7MiB,622533,0,0,6342,6342,2184
2026-09-27T06:12:37Z,26,332,13174,70,256.1MiB,2GiB,12.51%,false,0,healthy,635.7MiB,629169,0,0,6342,6342,2184
2026-09-27T06:12:50Z,27,345,13164,70,256.2MiB,2GiB,12.51%,false,0,healthy,635.7MiB,635814,0,0,6342,6342,2184
2026-09-27T06:13:04Z,28,358,13155,70,255.9MiB,2GiB,12.50%,false,0,healthy,636MiB,642501,0,0,6342,6342,2184
2026-09-27T06:13:17Z,29,372,13169,70,256.2MiB,2GiB,12.51%,false,0,healthy,636MiB,649137,0,0,6342,6342,2184
2026-09-27T06:13:30Z,30,385,13172,70,256.4MiB,2GiB,12.52%,false,0,healthy,636MiB,655773,0,0,6342,6342,2184
2026-09-27T06:13:44Z,31,398,13164,70,256.7MiB,2GiB,12.53%,false,0,healthy,636.1MiB,662445,0,0,6342,6342,2184
2026-09-27T06:13:57Z,32,412,13173,70,256.7MiB,2GiB,12.53%,false,0,healthy,636.3MiB,669073,0,0,6342,6342,2184
2026-09-27T06:14:10Z,33,425,13161,70,280.5MiB,2GiB,13.70%,false,0,healthy,636.6MiB,675717,0,0,6342,6342,2184
2026-09-27T06:14:23Z,34,438,13159,70,257.6MiB,2GiB,12.58%,false,0,healthy,637.1MiB,682377,0,0,6342,6342,2184
2026-09-27T06:14:37Z,35,452,13175,70,256.6MiB,2GiB,12.53%,false,0,healthy,637.7MiB,689025,0,0,6342,6342,2184
2026-09-27T06:14:50Z,36,465,13169,70,256.9MiB,2GiB,12.54%,false,0,healthy,638.4MiB,695661,0,0,6342,6342,2184
2026-09-27T06:15:03Z,37,478,13150,70,279.4MiB,2GiB,13.64%,false,0,healthy,639.2MiB,702305,0,0,6342,6342,2184
2026-09-27T06:15:17Z,38,491,13160,70,257MiB,2GiB,12.55%,false,0,healthy,640.3MiB,708985,0,0,6342,6342,2184
2026-09-27T06:15:30Z,39,505,13147,70,257.6MiB,2GiB,12.58%,false,0,healthy,640.7MiB,715629,0,0,6342,6342,2184
2026-09-27T06:15:43Z,40,518,13160,70,256.8MiB,2GiB,12.54%,false,0,healthy,640.7MiB,722257,0,0,6342,6342,2184
2026-09-27T06:15:57Z,41,531,13133,70,256.8MiB,2GiB,12.54%,false,0,healthy,640.7MiB,728913,0,0,6342,6342,2184
2026-09-27T06:16:10Z,42,545,13157,70,257MiB,2GiB,12.55%,false,0,healthy,640.7MiB,735557,0,0,6342,6342,2184
2026-09-27T06:16:23Z,43,558,13116,70,257.2MiB,2GiB,12.56%,false,0,healthy,639.7MiB,742193,0,0,6342,6342,2184
2026-09-27T06:16:36Z,44,571,13160,70,257MiB,2GiB,12.55%,false,0,healthy,639.8MiB,748877,0,0,6342,6342,2184
2026-09-27T06:16:50Z,45,585,13166,70,257.2MiB,2GiB,12.56%,false,0,healthy,639.7MiB,755517,0,0,6342,6342,2184
2026-09-27T06:17:03Z,46,598,13169,70,269.8MiB,2GiB,13.18%,false,0,healthy,639.7MiB,762153,0,0,6342,6342,2184
